{
  "type": "minecraft:crafting_shaped",
  "category": "misc",
  "key": {
    "#":  "minecraft:diamond_block",
    "X":  "minecraft:apple"
  },
  "pattern": [
    "###",
    "#X#",
    "###"
  ],
  "result": {
    "count": 1,
    "id": "minecraft:apple",
    "components": {
      "rarity":"epic",
      "custom_model_data":{"floats":[12700008]},
      "item_name": "附魔钻石苹果",
      "enchantment_glint_override":true,
      "food":{
        "eat_seconds":3.2,
        "saturation":9.6,
        "effects":[
          {
            "effect":{
              "duration":2400,
              "amplifier":1,
              "show_icon":true,
              "id":"minecraft:haste"
            }
          },
          {
            "effect":{
              "duration":2400,
              "amplifier":3,
              "show_icon":true,
              "id":"minecraft:speed"
            }
          },
          {
            "effect":{
              "duration":6000,
              "amplifier":0,
              "show_icon":true,
              "id":"minecraft:luck"
            }
          },
          {
            "effect":{
              "duration":2400,
              "amplifier":3,
              "show_icon":true,
              "id":"minecraft:jump_boost"
            }
          }
        ],
        "nutrition":4,
        "can_always_eat":true
      }
    }
  }
}