{
  "type": "minecraft:crafting_shaped",
  "category": "misc",
  "key": {
    "#": "minecraft:iron_block",
    "X":  "minecraft:apple"
  },
  "pattern": [
    "###",
    "#X#",
    "###"
  ],
  "result": {
    "count": 1,
    "id": "minecraft:apple",
    "components": {
      "rarity":"rare",
      "custom_model_data":{"floats":[12700006]},
      "item_name": "附魔铁苹果",
      "enchantment_glint_override":true,
      "food":{
        "eat_seconds":2.4,
        "saturation":9.6,
        "effects":[
          {
            "effect":{
              "duration":2400,
              "amplifier":0,
              "show_icon":true,
              "id":"minecraft:strength"
            }
          },
          {
            "effect":{
              "duration":6000,
              "amplifier":0,
              "show_icon":true,
              "id":"minecraft:speed"
            }
          },
          {
            "effect":{
              "duration":6000,
              "amplifier":0,
              "show_icon":true,
              "id":"minecraft:night_vision"
            }
          },
          {
            "effect":{
              "duration":2400,
              "amplifier":1,
              "show_icon":true,
              "id":"minecraft:resistance"
            }
          }
        ],
        "nutrition":4,
        "can_always_eat":true
      }
    }
  }
}