{
  "type": "minecraft:crafting_shaped",
  "category": "misc",
  "key": {
    "#":  "minecraft:iron_ingot",
    "X":"minecraft:apple"
  },
  "pattern": [
    "###",
    "#X#",
    "###"
  ],
  "result": {
    "count": 1,
    "id": "minecraft:apple",
    "components": {
      "rarity":"uncommon",
      "custom_model_data":{"floats":[12700007]},
      "item_name": "铁苹果",
      "food":{
        "eat_seconds":2.4,
        "saturation":9.6,
        "effects":[
          {
            "effect":{
              "duration":1200,
              "amplifier":0,
              "show_icon":true,
              "id":"minecraft:strength"
            }
          },
          {
            "effect":{
              "duration":1200,
              "amplifier":0,
              "show_icon":true,
              "id":"minecraft:resistance"
            }
          }
        ],
        "nutrition":4,
        "can_always_eat":true
      }
    }
  }
}