{
  "type": "minecraft:crafting_shaped",
  "category": "misc",
  "key": {
    "#":  "minecraft:gold_block",
    "X": "minecraft:apple"
  },
  "pattern": [
    "###",
    "#X#",
    "###"
  ],
  "result": {
    "count": 1,
    "id": "minecraft:enchanted_golden_apple",
    "components": {
      "rarity":"epic",
      "custom_model_data":{"floats":[30600009]},
      "item_name": "远古附魔金苹果",
      "food":{
        "saturation":9.6,
        "effects":[
          {
            "effect":{
              "duration":1800,
              "amplifier":2,
              "show_icon":true,
              "id":"minecraft:absorption"
            }
          },
          {
            "effect":{
              "duration":4500,
              "amplifier":0,
              "show_icon":true,
              "id":"minecraft:fire_resistance"
            }
          },
          {
            "effect":{
              "duration":4500,
              "amplifier":0,
              "show_icon":true,
              "id":"minecraft:resistance"
            }
          },
          {
            "effect":{
              "duration":300,
              "amplifier":1,
              "show_icon":true,
              "id":"minecraft:regeneration"
            }
          }
        ],
        "nutrition":4,
        "can_always_eat":true
      }
    }
  }
}