{
  "type": "minecraft:crafting_shaped",
  "category": "misc",
  "key": {
    "#":  "minecraft:end_stone",
    "S": "minecraft:sugar",
    "W": "minecraft:wheat"
  },
  "pattern": [
    "#S",
    "WW"
  ],
  "result": {
    "count": 1,
    "id": "minecraft:apple",
    "components": {
      "rarity":"uncommon",
      "custom_model_data":{"floats":[40900003]},
      "item_name": "月饼",
      "food":{
        "eat_seconds":4.4,
        "saturation":3.6,
        "nutrition":4,
        "can_always_eat":true
      }
    }
  }
}