{
  "type": "minecraft:crafting_shapeless",
  "category": "misc",
  "ingredients": [
    "minecraft:nether_wart",
    "minecraft:ender_eye",
    "minecraft:glass_bottle",
    "minecraft:glass_bottle",
    "minecraft:glass_bottle",
    "minecraft:water_bucket"
  ],
  "result": {
    "count": 3,
    "id": "minecraft:apple",
    "components": {
      "custom_model_data": {"floats":[12700012]},
      "item_name": "回忆药水",
      "food": {
        "eat_seconds": 0.2,
        "saturation": 0.0,
        "effects": [],
        "nutrition": 0,
        "can_always_eat": true
      }
    }
  }
}