{
  "criteria": {
    "obtain_enchanted_book": {
      "trigger": "minecraft:inventory_changed",
      "conditions": {
        "items": [
          {
            "items": ["minecraft:enchanted_book"]
          }
        ]
      }
    }
  },
  "requirements": [
    ["obtain_enchanted_book"]
  ],
  "rewards": {
    "experience": 50
  },
  "display": {
    "icon": {
      "item": "minecraft:enchanted_book"
    },
    "title": {
      "translate": "advancements.adventure.obtain_enchanted_book.title"
    },
    "description": {
      "translate": "advancements.adventure.obtain_enchanted_book.description"
    },
    "frame": "task",
    "show_toast": true,
    "announce_to_chat": true,
    "hidden": false,
    "background": "minecraft:textures/gui/advancements/backgrounds/adventure.png"
  },
  "children": [
    "tcc:rewards/everlasting"
  ]
}