{
  "display": {
    "icon": {
      "item": "minecraft:enchanted_book",
      "nbt": "{Enchantments:[{id:\"tcc:everlasting\",lvl:1s}]}"
    },
    "title": {
      "translate": "advancements.tcc.everlasting.title",
      "fallback": "永世长存"
    },
    "description": {
      "translate": "advancements.tcc.everlasting.description",
      "fallback": "获得永存祝福附魔书"
    },
    "frame": "challenge",
    "show_toast": true,
    "announce_to_chat": true,
    "hidden": false,
    "parent": "minecraft:adventure/obtain_enchanted_book",
    "background": "minecraft:textures/block/obsidian.png"
  },
  "criteria": {
    "obtain_everlasting": {
      "trigger": "minecraft:inventory_changed",
      "conditions": {
        "items": [
          {
            "items": ["minecraft:enchanted_book"],
            "nbt": "{Enchantments:[{id:\"tcc:everlasting\",lvl:1s}]}"
          }
        ]
      }
    }
  },
  "rewards": {
    "experience": 100,
    "function": "tcc:advancements/rewards/everlasting"
  },
  "requirements": [
    ["obtain_everlasting"]
  ]
}