{
  "type": "minecraft:chest",
  "pools": [
    {
      "bonus_rolls": 0.0,
      "entries": [
        {
          "type": "minecraft:item",
          "functions": [
            {
              "add": false,
              "count": {
                "type": "minecraft:uniform",
                "max": 4.0,
                "min": 1.0
              },
              "function": "minecraft:set_count"
            }
          ],
          "name": "minecraft:redstone",
          "weight": 2
        },
        {
          "type": "minecraft:item",
          "functions": [
            {
              "add": false,
              "count": {
                "type": "minecraft:uniform",
                "max": 4.0,
                "min": 1.0
              },
              "function": "minecraft:set_count"
            }
          ],
          "name": "minecraft:bread",
          "weight": 7
        },
        {
          "type": "minecraft:item",
          "functions": [
            {
              "add": false,
              "count": {
                "type": "minecraft:uniform",
                "max": 4.0,
                "min": 1.0
              },
              "function": "minecraft:set_count"
            }
          ],
          "name": "minecraft:rotten_flesh",
          "weight": 7
        },
        {
          "type": "minecraft:item",
          "functions": [
            {
              "add": false,
              "count": {
                "type": "minecraft:uniform",
                "max": 4.0,
                "min": 1.0
              },
              "function": "minecraft:set_count"
            }
          ],
          "name": "minecraft:lapis_lazuli"
        },
        {
          "type": "minecraft:item",
          "functions": [
            {
              "add": false,
              "count": {
                "type": "minecraft:uniform",
                "max": 4.0,
                "min": 1.0
              },
              "function": "minecraft:set_count"
            }
          ],
          "name": "minecraft:gold_ingot"
        },
        {
          "type": "minecraft:item",
          "functions": [
            {
              "add": false,
              "count": {
                "type": "minecraft:uniform",
                "max": 2.0,
                "min": 0.0
              },
              "function": "minecraft:set_count"
            },
            {
              "conditions": [],
              "function": "minecraft:set_components",
              "components": {
                "rarity":"epic",
                "custom_model_data":30600009,
                "item_name": "远古附魔金苹果",
                "food":{
                  "saturation":9.6,
                  "effects":[
                    {
                      "effect":{
                        "duration":1800,
                        "amplifier":2,
                        "show_icon":true,
                        "id":"minecraft:absorption"
                      }
                    },
                    {
                      "effect":{
                        "duration":4500,
                        "amplifier":0,
                        "show_icon":true,
                        "id":"minecraft:fire_resistance"
                      }
                    },
                    {
                      "effect":{
                        "duration":4500,
                        "amplifier":0,
                        "show_icon":true,
                        "id":"minecraft:resistance"
                      }
                    },
                    {
                      "effect":{
                        "duration":300,
                        "amplifier":1,
                        "show_icon":true,
                        "id":"minecraft:regeneration"
                      }
                    }
                  ],
                  "nutrition":4,
                  "can_always_eat":true
                }
              }
            }
          ],
          "name": "minecraft:enchanted_golden_apple",
          "weight":1
        },
        {
          "type": "minecraft:item",
          "functions": [
            {
              "add": false,
              "count": {
                "type": "minecraft:uniform",
                "max": 4.0,
                "min": 1.0
              },
              "function": "minecraft:set_count"
            }
          ],
          "name": "minecraft:emerald"
        }
      ],
      "rolls": {
        "type": "minecraft:uniform",
        "max": 8.0,
        "min": 3.0
      }
    }
  ],
  "random_sequence": "minecraft:chests/village/village_temple"
}