{
  "type": "minecraft:entity",
  "pools": [
    {
      "bonus_rolls": 0.0,
      "entries": [
        {
          "type": "minecraft:item",
          "functions": [
            {
              "add": false,
              "count": {
                "type": "minecraft:uniform",
                "max": 3.0,
                "min": 1.0
              },
              "function": "minecraft:set_count"
            },
            {
              "count": {
                "type": "minecraft:uniform",
                "max": 1.0,
                "min": 0.0
              },
              "enchantment": "minecraft:looting",
              "function": "minecraft:enchanted_count_increase"
            },
            {
              "conditions": [],
              "function": "minecraft:set_components",
              "components": {
                "rarity":"epic",
                "custom_model_data":{
                  "floats":[30600012]},
                "item_name": "龙鳞",
                "damage_resistant":{
                  "types": "#is_fire"
                }
              }
            }
          ],
          "name": "minecraft:black_dye"
        }
      ],
      "rolls": 1.0
    }
  ],
  "random_sequence": "minecraft:entities/ender_dragon"
}