{
  "replace":true,
  "type": "minecraft:entity",
  "pools": [
    {
      "bonus_rolls": 0.0,
      "entries": [
        {
          "type": "minecraft:item",
          "functions": [
            {
              "add": false,
              "count": 1.0,
              "function": "minecraft:set_count"
            }
          ],
          "name": "minecraft:saddle"
        }
      ],
      "rolls": 1.0
    },  
    {
      "rolls": 1.0,
      "bonus_rolls": 0.0,
      "conditions": [
        {
          "condition": "minecraft:killed_by_player"
        },
        {
          "condition": "minecraft:random_chance_with_enchanted_bonus",
          "enchanted_chance": {
            "type": "minecraft:linear",
            "base": 0.02,
            "per_level_above_first": 0.02
          },
          "enchantment": "minecraft:looting",
          "unenchanted_chance": 0.03
        }
      ],
      "entries": [
        {
          "type": "minecraft:item",
          "name": "minecraft:diamond_sword",
          "functions": [
            {
              "conditions": [],
              "function": "minecraft:set_components",
              "components": {
                "rarity":"uncommon",
                "max_damage":1362,
                "custom_model_data":{"floats":[30600002]},
                "item_name": "绿宝石剑",
                "attribute_modifiers":{
                  "modifiers":[
                    {
                      "id":"attack_damage",
                      "amount":5.5,
                      "slot":"mainhand",
                      "type":"minecraft:attack_damage",
                      "operation":"add_value"
                    },
                    {
                      "id":"attack_speed",
                      "amount":-2.4,
                      "slot":"mainhand",
                      "type":"minecraft:attack_speed",
                      "operation":"add_value"
                    }
                  ]
                }
              }
            }
          ]
        }
      ]
    }
  ],
  "random_sequence": "minecraft:entities/ravager"
}